best_model_from,epoch,seed,test_BLEU_1,test_BLEU_2,test_BLEU_3,test_BLEU_4,test_METEOR,test_ROUGE_L,time,train_loss,val_BLEU_1,val_BLEU_2,val_BLEU_3,val_BLEU_4,val_METEOR,val_ROUGE_L
val,5.0,456789.0,0.43185679551318484,0.31061977430847426,0.23559336156845156,0.17102217946434375,0.20236990373685623,0.4503921114976014,Fri Jul  9 00:48:25 2021,2.2906565595029007,0.4292409809747855,0.30735921074366007,0.2327017726985416,0.1673992801057728,0.19845090162968526,0.4429274830717119
test,5.0,456789.0,0.43185679551318484,0.31061977430847426,0.23559336156845156,0.17102217946434375,0.20236990373685623,0.4503921114976014,Fri Jul  9 00:48:25 2021,2.2906565595029007,0.4292409809747855,0.30735921074366007,0.2327017726985416,0.1673992801057728,0.19845090162968526,0.4429274830717119
