best_model_from,epoch,seed,test_BLEU_1,test_BLEU_2,test_BLEU_3,test_BLEU_4,test_METEOR,test_ROUGE_L,time,train_loss,val_BLEU_1,val_BLEU_2,val_BLEU_3,val_BLEU_4,val_METEOR,val_ROUGE_L
val,5.0,456789.0,0.4318567955131848,0.3106197743084742,0.2355933615684515,0.1710221794643437,0.2023699037368562,0.4503921114976014,Fri Jul  9 00:48:25 2021,2.2906565595029007,0.4292409809747855,0.30735921074366,0.2327017726985416,0.1673992801057728,0.1984509016296852,0.4429274830717119
test,5.0,456789.0,0.4318567955131848,0.3106197743084742,0.2355933615684515,0.1710221794643437,0.2023699037368562,0.4503921114976014,Fri Jul  9 00:48:25 2021,2.2906565595029007,0.4292409809747855,0.30735921074366,0.2327017726985416,0.1673992801057728,0.1984509016296852,0.4429274830717119
val,16.0,456789.0,0.3191411985603521,0.1969416430251598,0.1402328153132628,0.0891260369442735,0.1211973455811062,0.3138944765456948,Sat Jul 10 18:54:46 2021,1.9812524130095297,0.3133707523704659,0.1931108746429654,0.1365191144771072,0.0848447736200575,0.1205229335095581,0.3141219864191291
test,16.0,456789.0,0.3191411985603521,0.1969416430251598,0.1402328153132628,0.0891260369442735,0.1211973455811062,0.3138944765456948,Sat Jul 10 18:54:46 2021,1.9812524130095297,0.3133707523704659,0.1931108746429654,0.1365191144771072,0.0848447736200575,0.1205229335095581,0.3141219864191291
val,19.0,456789.0,0.3886717519920526,0.2681595109048825,0.20122572724425322,0.14180233676489673,0.16646198038584736,0.3946347524543695,Mon Jul 12 14:44:40 2021,1.957594949451845,0.3890861847823277,0.2673428418181617,0.19869330652825898,0.13750390605828197,0.16371220850301224,0.3890029335969066
test,20.0,456789.0,0.3909940590367812,0.2703891703050011,0.20310932965821268,0.14331557477771847,0.16636130961257356,0.3958285980709665,Mon Jul 12 14:44:40 2021,1.9599598123066462,0.3861569485612317,0.2648858567434448,0.19638682070835506,0.13475936323512702,0.16105988507023275,0.38645070715550045
