best_model_from,epoch,seed,test_BLEU_1,test_BLEU_2,test_BLEU_3,test_BLEU_4,test_METEOR,test_ROUGE_L,time,train_loss,val_BLEU_1,val_BLEU_2,val_BLEU_3,val_BLEU_4,val_METEOR,val_ROUGE_L
val,5.0,456789.0,0.4318567955131848,0.3106197743084742,0.2355933615684515,0.1710221794643437,0.2023699037368562,0.4503921114976014,Fri Jul  9 00:48:25 2021,2.2906565595029007,0.4292409809747855,0.30735921074366,0.2327017726985416,0.1673992801057728,0.1984509016296852,0.4429274830717119
test,5.0,456789.0,0.4318567955131848,0.3106197743084742,0.2355933615684515,0.1710221794643437,0.2023699037368562,0.4503921114976014,Fri Jul  9 00:48:25 2021,2.2906565595029007,0.4292409809747855,0.30735921074366,0.2327017726985416,0.1673992801057728,0.1984509016296852,0.4429274830717119
val,16.0,456789.0,0.3191411985603521,0.19694164302515985,0.1402328153132628,0.08912603694427355,0.12119734558110623,0.3138944765456948,Sat Jul 10 18:54:46 2021,1.9812524130095297,0.3133707523704659,0.19311087464296545,0.13651911447710727,0.08484477362005759,0.12052293350955816,0.31412198641912914
test,16.0,456789.0,0.3191411985603521,0.19694164302515985,0.1402328153132628,0.08912603694427355,0.12119734558110623,0.3138944765456948,Sat Jul 10 18:54:46 2021,1.9812524130095297,0.3133707523704659,0.19311087464296545,0.13651911447710727,0.08484477362005759,0.12052293350955816,0.31412198641912914
